-- phpMyAdmin SQL Dump
-- version 5.2.1
-- https://www.phpmyadmin.net/
--
-- Host: 127.0.0.1
-- Generation Time: Jun 13, 2023 at 11:43 AM
-- Server version: 10.4.28-MariaDB
-- PHP Version: 8.2.4

SET SQL_MODE = "NO_AUTO_VALUE_ON_ZERO";
START TRANSACTION;
SET time_zone = "+00:00";


/*!40101 SET @OLD_CHARACTER_SET_CLIENT=@@CHARACTER_SET_CLIENT */;
/*!40101 SET @OLD_CHARACTER_SET_RESULTS=@@CHARACTER_SET_RESULTS */;
/*!40101 SET @OLD_COLLATION_CONNECTION=@@COLLATION_CONNECTION */;
/*!40101 SET NAMES utf8mb4 */;

--
-- Database: `sas`
--

-- --------------------------------------------------------

--
-- Table structure for table `tbladmin`
--

CREATE TABLE `tbladmin` (
  `Id` int(10) NOT NULL,
  `firstName` varchar(50) NOT NULL,
  `lastName` varchar(50) NOT NULL,
  `emailAddress` varchar(50) NOT NULL,
  `password` varchar(50) NOT NULL
) ENGINE=MyISAM DEFAULT CHARSET=latin1 COLLATE=latin1_swedish_ci;

--
-- Dumping data for table `tbladmin`
--

INSERT INTO `tbladmin` (`Id`, `firstName`, `lastName`, `emailAddress`, `password`) VALUES
(1, 'Admin', '', 'admin@mail.com', '482c811da5d5b4bc6d497ffa98491e38');

-- --------------------------------------------------------

--
-- Table structure for table `tblattendance`
--

CREATE TABLE `tblattendance` (
  `Id` int(10) NOT NULL,
  `regNo` varchar(255) NOT NULL,
  `classId` varchar(10) NOT NULL,
  `status` varchar(10) NOT NULL,
  `dateTimeTaken` varchar(20) NOT NULL
) ENGINE=MyISAM DEFAULT CHARSET=latin1 COLLATE=latin1_swedish_ci;

--
-- Dumping data for table `tblattendance`
--

INSERT INTO `tblattendance` (`Id`, `regNo`, `classId`, `status`, `dateTimeTaken`) VALUES
(101, '035-3-2-02672-2020', '33', '1', '2023-06-08'),
(100, '035-3-2-02671-2020', '33', '1', '2023-06-08'),
(99, '035-3-2-02670-2020', '33', '1', '2023-06-08'),
(98, '035-3-2-02669-2020', '33', '1', '2023-06-08'),
(97, '035-3-2-02668-2020', '33', '1', '2023-06-08'),
(96, '035-3-2-02667-2020', '33', '1', '2023-06-08'),
(95, '035-3-2-02666-2020', '33', '1', '2023-06-08'),
(94, '035-3-2-02665-2020', '33', '1', '2023-06-08'),
(80, '035-3-2-02651-2020', '33', '0', '2023-06-08'),
(81, '035-3-2-02652-2020', '33', '1', '2023-06-08'),
(82, '035-3-2-02653-2020', '33', '1', '2023-06-08'),
(83, '035-3-2-02654-2020', '33', '1', '2023-06-08'),
(84, '035-3-2-02655-2020', '33', '1', '2023-06-08'),
(85, '035-3-2-02656-2020', '33', '1', '2023-06-08'),
(86, '035-3-2-02657-2020', '33', '1', '2023-06-08'),
(87, '035-3-2-02658-2020', '33', '1', '2023-06-08'),
(88, '035-3-2-02659-2020', '33', '1', '2023-06-08'),
(89, '035-3-2-02630-2020', '33', '1', '2023-06-08'),
(90, '035-3-2-02661-2020', '33', '1', '2023-06-08'),
(91, '035-3-2-02662-2020', '33', '1', '2023-06-08'),
(92, '035-3-2-02663-2020', '33', '1', '2023-06-08'),
(93, '035-3-2-02664-2020', '33', '1', '2023-06-08'),
(28, '035-3-2-02807-2018', '23', '0', '2023-05-16'),
(29, '035-3-2-02681-2020', '23', '1', '2023-05-16'),
(30, '122-2-3-12345-3213', '23', '1', '2023-05-16'),
(31, '035-3-2-02650-2020', '28', '1', '2023-06-08'),
(32, '035-3-2-02651-2020', '28', '0', '2023-06-08'),
(33, '035-3-2-02652-2020', '28', '1', '2023-06-08'),
(34, '035-3-2-02653-2020', '28', '1', '2023-06-08'),
(35, '035-3-2-02654-2020', '28', '1', '2023-06-08'),
(36, '035-3-2-02655-2020', '28', '1', '2023-06-08'),
(37, '035-3-2-02656-2020', '28', '1', '2023-06-08'),
(38, '035-3-2-02657-2020', '28', '1', '2023-06-08'),
(39, '035-3-2-02658-2020', '28', '1', '2023-06-08'),
(40, '035-3-2-02659-2020', '28', '1', '2023-06-08'),
(41, '035-3-2-02630-2020', '28', '1', '2023-06-08'),
(42, '035-3-2-02661-2020', '28', '1', '2023-06-08'),
(43, '035-3-2-02662-2020', '28', '1', '2023-06-08'),
(44, '035-3-2-02663-2020', '28', '1', '2023-06-08'),
(45, '035-3-2-02664-2020', '28', '1', '2023-06-08'),
(46, '035-3-2-02665-2020', '28', '1', '2023-06-08'),
(47, '035-3-2-02666-2020', '28', '1', '2023-06-08'),
(48, '035-3-2-02667-2020', '28', '1', '2023-06-08'),
(49, '035-3-2-02668-2020', '28', '1', '2023-06-08'),
(50, '035-3-2-02669-2020', '28', '1', '2023-06-08'),
(51, '035-3-2-02670-2020', '28', '1', '2023-06-08'),
(79, '035-3-2-02650-2020', '33', '1', '2023-06-08'),
(53, '035-3-2-02672-2020', '28', '1', '2023-06-08'),
(54, '035-3-2-02673-2020', '28', '1', '2023-06-08'),
(55, '035-3-2-02674-2020', '28', '1', '2023-06-08'),
(56, '035-3-2-02675-2020', '28', '1', '2023-06-08'),
(57, '035-3-2-02676-2020', '28', '1', '2023-06-08'),
(58, '035-3-2-02677-2020', '28', '1', '2023-06-08'),
(59, '035-3-2-02678-2020', '28', '1', '2023-06-08'),
(60, '035-3-2-02679-2020', '28', '1', '2023-06-08'),
(61, '035-3-2-02680-2020', '28', '1', '2023-06-08'),
(62, '035-3-2-02681-2020', '28', '1', '2023-06-08'),
(63, '035-3-2-02682-2020', '28', '1', '2023-06-08'),
(64, '035-3-2-02683-2020', '28', '1', '2023-06-08'),
(65, '035-3-2-02684-2020', '28', '0', '2023-06-08'),
(66, '035-3-2-02685-2020', '28', '1', '2023-06-08'),
(67, '035-3-2-02686-2020', '28', '1', '2023-06-08'),
(68, '035-3-2-02687-2020', '28', '1', '2023-06-08'),
(69, '035-3-2-02688-2020', '28', '1', '2023-06-08'),
(70, '035-3-2-02689-2020', '28', '1', '2023-06-08'),
(71, '035-3-2-02690-2020', '28', '1', '2023-06-08'),
(72, '035-3-2-02691-2020', '28', '1', '2023-06-08'),
(73, '035-3-2-02692-2020', '28', '1', '2023-06-08'),
(74, '035-3-2-02693-2020', '28', '1', '2023-06-08'),
(75, '035-3-2-02694-2020', '28', '1', '2023-06-08'),
(76, '035-3-2-02695-2020', '28', '1', '2023-06-08'),
(77, '035-3-2-02696-2020', '28', '1', '2023-06-08'),
(78, '035-3-2-02697-2020', '28', '1', '2023-06-08'),
(102, '035-3-2-02673-2020', '33', '1', '2023-06-08'),
(103, '035-3-2-02674-2020', '33', '1', '2023-06-08'),
(104, '035-3-2-02675-2020', '33', '1', '2023-06-08'),
(105, '035-3-2-02676-2020', '33', '1', '2023-06-08'),
(106, '035-3-2-02677-2020', '33', '1', '2023-06-08'),
(107, '035-3-2-02678-2020', '33', '1', '2023-06-08'),
(108, '035-3-2-02679-2020', '33', '1', '2023-06-08'),
(109, '035-3-2-02680-2020', '33', '1', '2023-06-08'),
(110, '035-3-2-02681-2020', '33', '1', '2023-06-08'),
(111, '035-3-2-02682-2020', '33', '1', '2023-06-08'),
(112, '035-3-2-02683-2020', '33', '1', '2023-06-08'),
(113, '035-3-2-02684-2020', '33', '0', '2023-06-08'),
(114, '035-3-2-02685-2020', '33', '1', '2023-06-08'),
(115, '035-3-2-02686-2020', '33', '1', '2023-06-08'),
(116, '035-3-2-02687-2020', '33', '1', '2023-06-08'),
(117, '035-3-2-02688-2020', '33', '1', '2023-06-08'),
(118, '035-3-2-02689-2020', '33', '1', '2023-06-08'),
(119, '035-3-2-02690-2020', '33', '1', '2023-06-08'),
(120, '035-3-2-02691-2020', '33', '1', '2023-06-08'),
(121, '035-3-2-02692-2020', '33', '1', '2023-06-08'),
(122, '035-3-2-02693-2020', '33', '1', '2023-06-08'),
(123, '035-3-2-02694-2020', '33', '1', '2023-06-08'),
(124, '035-3-2-02695-2020', '33', '1', '2023-06-08'),
(125, '035-3-2-02696-2020', '33', '1', '2023-06-08'),
(126, '035-3-2-02697-2020', '33', '1', '2023-06-08'),
(127, '035-3-2-02650-2020', '33', '1', '2023-06-10'),
(128, '035-3-2-02651-2020', '33', '0', '2023-06-10'),
(129, '035-3-2-02652-2020', '33', '1', '2023-06-10'),
(130, '035-3-2-02653-2020', '33', '1', '2023-06-10'),
(131, '035-3-2-02654-2020', '33', '1', '2023-06-10'),
(132, '035-3-2-02655-2020', '33', '1', '2023-06-10'),
(133, '035-3-2-02656-2020', '33', '1', '2023-06-10'),
(134, '035-3-2-02657-2020', '33', '1', '2023-06-10'),
(135, '035-3-2-02658-2020', '33', '1', '2023-06-10'),
(136, '035-3-2-02659-2020', '33', '1', '2023-06-10'),
(137, '035-3-2-02630-2020', '33', '1', '2023-06-10'),
(138, '035-3-2-02661-2020', '33', '0', '2023-06-10'),
(139, '035-3-2-02662-2020', '33', '1', '2023-06-10'),
(140, '035-3-2-02663-2020', '33', '1', '2023-06-10'),
(141, '035-3-2-02664-2020', '33', '1', '2023-06-10'),
(142, '035-3-2-02665-2020', '33', '1', '2023-06-10'),
(143, '035-3-2-02666-2020', '33', '1', '2023-06-10'),
(144, '035-3-2-02667-2020', '33', '1', '2023-06-10'),
(145, '035-3-2-02668-2020', '33', '1', '2023-06-10'),
(146, '035-3-2-02669-2020', '33', '0', '2023-06-10'),
(147, '035-3-2-02670-2020', '33', '1', '2023-06-10'),
(148, '035-3-2-02671-2020', '33', '1', '2023-06-10'),
(149, '035-3-2-02672-2020', '33', '0', '2023-06-10'),
(150, '035-3-2-02673-2020', '33', '1', '2023-06-10'),
(151, '035-3-2-02674-2020', '33', '1', '2023-06-10'),
(152, '035-3-2-02675-2020', '33', '1', '2023-06-10'),
(153, '035-3-2-02676-2020', '33', '0', '2023-06-10'),
(154, '035-3-2-02677-2020', '33', '1', '2023-06-10'),
(155, '035-3-2-02678-2020', '33', '1', '2023-06-10'),
(156, '035-3-2-02679-2020', '33', '1', '2023-06-10'),
(157, '035-3-2-02680-2020', '33', '1', '2023-06-10'),
(158, '035-3-2-02681-2020', '33', '1', '2023-06-10'),
(159, '035-3-2-02682-2020', '33', '1', '2023-06-10'),
(160, '035-3-2-02683-2020', '33', '1', '2023-06-10'),
(161, '035-3-2-02684-2020', '33', '0', '2023-06-10'),
(162, '035-3-2-02685-2020', '33', '0', '2023-06-10'),
(163, '035-3-2-02686-2020', '33', '1', '2023-06-10'),
(164, '035-3-2-02687-2020', '33', '1', '2023-06-10'),
(165, '035-3-2-02688-2020', '33', '1', '2023-06-10'),
(166, '035-3-2-02689-2020', '33', '0', '2023-06-10'),
(167, '035-3-2-02690-2020', '33', '1', '2023-06-10'),
(168, '035-3-2-02691-2020', '33', '1', '2023-06-10'),
(169, '035-3-2-02692-2020', '33', '1', '2023-06-10'),
(170, '035-3-2-02693-2020', '33', '1', '2023-06-10'),
(171, '035-3-2-02694-2020', '33', '1', '2023-06-10'),
(172, '035-3-2-02695-2020', '33', '1', '2023-06-10'),
(173, '035-3-2-02696-2020', '33', '0', '2023-06-10'),
(174, '035-3-2-02697-2020', '33', '1', '2023-06-10'),
(175, '035-3-2-02650-2020', '33', '0', '2023-06-12'),
(176, '035-3-2-02651-2020', '33', '0', '2023-06-12'),
(177, '035-3-2-02652-2020', '33', '0', '2023-06-12'),
(178, '035-3-2-02653-2020', '33', '0', '2023-06-12'),
(179, '035-3-2-02654-2020', '33', '0', '2023-06-12'),
(180, '035-3-2-02655-2020', '33', '0', '2023-06-12'),
(181, '035-3-2-02656-2020', '33', '0', '2023-06-12'),
(182, '035-3-2-02657-2020', '33', '0', '2023-06-12'),
(183, '035-3-2-02658-2020', '33', '0', '2023-06-12'),
(184, '035-3-2-02659-2020', '33', '0', '2023-06-12'),
(185, '035-3-2-02630-2020', '33', '0', '2023-06-12'),
(186, '035-3-2-02661-2020', '33', '0', '2023-06-12'),
(187, '035-3-2-02662-2020', '33', '0', '2023-06-12'),
(188, '035-3-2-02663-2020', '33', '0', '2023-06-12'),
(189, '035-3-2-02664-2020', '33', '0', '2023-06-12'),
(190, '035-3-2-02665-2020', '33', '0', '2023-06-12'),
(191, '035-3-2-02666-2020', '33', '0', '2023-06-12'),
(192, '035-3-2-02667-2020', '33', '0', '2023-06-12'),
(193, '035-3-2-02668-2020', '33', '0', '2023-06-12'),
(194, '035-3-2-02669-2020', '33', '0', '2023-06-12'),
(195, '035-3-2-02670-2020', '33', '0', '2023-06-12'),
(196, '035-3-2-02671-2020', '33', '0', '2023-06-12'),
(197, '035-3-2-02672-2020', '33', '0', '2023-06-12'),
(198, '035-3-2-02673-2020', '33', '0', '2023-06-12'),
(199, '035-3-2-02674-2020', '33', '0', '2023-06-12'),
(200, '035-3-2-02675-2020', '33', '0', '2023-06-12'),
(201, '035-3-2-02676-2020', '33', '0', '2023-06-12'),
(202, '035-3-2-02677-2020', '33', '0', '2023-06-12'),
(203, '035-3-2-02678-2020', '33', '0', '2023-06-12'),
(204, '035-3-2-02679-2020', '33', '0', '2023-06-12'),
(205, '035-3-2-02680-2020', '33', '0', '2023-06-12'),
(206, '035-3-2-02681-2020', '33', '0', '2023-06-12'),
(207, '035-3-2-02682-2020', '33', '0', '2023-06-12'),
(208, '035-3-2-02683-2020', '33', '0', '2023-06-12'),
(209, '035-3-2-02684-2020', '33', '0', '2023-06-12'),
(210, '035-3-2-02685-2020', '33', '0', '2023-06-12'),
(211, '035-3-2-02686-2020', '33', '0', '2023-06-12'),
(212, '035-3-2-02687-2020', '33', '0', '2023-06-12'),
(213, '035-3-2-02688-2020', '33', '0', '2023-06-12'),
(214, '035-3-2-02689-2020', '33', '0', '2023-06-12'),
(215, '035-3-2-02690-2020', '33', '0', '2023-06-12'),
(216, '035-3-2-02691-2020', '33', '0', '2023-06-12'),
(217, '035-3-2-02692-2020', '33', '0', '2023-06-12'),
(218, '035-3-2-02693-2020', '33', '0', '2023-06-12'),
(219, '035-3-2-02694-2020', '33', '0', '2023-06-12'),
(220, '035-3-2-02695-2020', '33', '0', '2023-06-12'),
(221, '035-3-2-02696-2020', '33', '0', '2023-06-12'),
(222, '035-3-2-02697-2020', '33', '0', '2023-06-12'),
(223, '035-3-2-02650-2020', '33', '0', '2023-06-13'),
(224, '035-3-2-02651-2020', '33', '0', '2023-06-13'),
(225, '035-3-2-02652-2020', '33', '0', '2023-06-13'),
(226, '035-3-2-02653-2020', '33', '0', '2023-06-13'),
(227, '035-3-2-02654-2020', '33', '0', '2023-06-13'),
(228, '035-3-2-02655-2020', '33', '0', '2023-06-13'),
(229, '035-3-2-02656-2020', '33', '0', '2023-06-13'),
(230, '035-3-2-02657-2020', '33', '0', '2023-06-13'),
(231, '035-3-2-02658-2020', '33', '0', '2023-06-13'),
(232, '035-3-2-02659-2020', '33', '0', '2023-06-13'),
(233, '035-3-2-02630-2020', '33', '0', '2023-06-13'),
(234, '035-3-2-02661-2020', '33', '0', '2023-06-13'),
(235, '035-3-2-02662-2020', '33', '0', '2023-06-13'),
(236, '035-3-2-02663-2020', '33', '0', '2023-06-13'),
(237, '035-3-2-02664-2020', '33', '0', '2023-06-13'),
(238, '035-3-2-02665-2020', '33', '0', '2023-06-13'),
(239, '035-3-2-02666-2020', '33', '0', '2023-06-13'),
(240, '035-3-2-02667-2020', '33', '0', '2023-06-13'),
(241, '035-3-2-02668-2020', '33', '0', '2023-06-13'),
(242, '035-3-2-02669-2020', '33', '0', '2023-06-13'),
(243, '035-3-2-02670-2020', '33', '0', '2023-06-13'),
(244, '035-3-2-02671-2020', '33', '0', '2023-06-13'),
(245, '035-3-2-02672-2020', '33', '0', '2023-06-13'),
(246, '035-3-2-02673-2020', '33', '0', '2023-06-13'),
(247, '035-3-2-02674-2020', '33', '0', '2023-06-13'),
(248, '035-3-2-02675-2020', '33', '0', '2023-06-13'),
(249, '035-3-2-02676-2020', '33', '0', '2023-06-13'),
(250, '035-3-2-02677-2020', '33', '0', '2023-06-13'),
(251, '035-3-2-02678-2020', '33', '0', '2023-06-13'),
(252, '035-3-2-02679-2020', '33', '0', '2023-06-13'),
(253, '035-3-2-02680-2020', '33', '0', '2023-06-13'),
(254, '035-3-2-02681-2020', '33', '0', '2023-06-13'),
(255, '035-3-2-02682-2020', '33', '0', '2023-06-13'),
(256, '035-3-2-02683-2020', '33', '0', '2023-06-13'),
(257, '035-3-2-02684-2020', '33', '0', '2023-06-13'),
(258, '035-3-2-02685-2020', '33', '0', '2023-06-13'),
(259, '035-3-2-02686-2020', '33', '0', '2023-06-13'),
(260, '035-3-2-02687-2020', '33', '0', '2023-06-13'),
(261, '035-3-2-02688-2020', '33', '0', '2023-06-13'),
(262, '035-3-2-02689-2020', '33', '0', '2023-06-13'),
(263, '035-3-2-02690-2020', '33', '0', '2023-06-13'),
(264, '035-3-2-02691-2020', '33', '0', '2023-06-13'),
(265, '035-3-2-02692-2020', '33', '0', '2023-06-13'),
(266, '035-3-2-02693-2020', '33', '0', '2023-06-13'),
(267, '035-3-2-02694-2020', '33', '0', '2023-06-13'),
(268, '035-3-2-02695-2020', '33', '0', '2023-06-13'),
(269, '035-3-2-02696-2020', '33', '0', '2023-06-13'),
(270, '035-3-2-02697-2020', '33', '0', '2023-06-13');

-- --------------------------------------------------------

--
-- Table structure for table `tblclass`
--

CREATE TABLE `tblclass` (
  `Id` int(10) NOT NULL,
  `className` varchar(255) NOT NULL
) ENGINE=MyISAM DEFAULT CHARSET=latin1 COLLATE=latin1_swedish_ci;

--
-- Dumping data for table `tblclass`
--

INSERT INTO `tblclass` (`Id`, `className`) VALUES
(34, 'applied sociology'),
(31, 'microprocessor'),
(29, 'database management system'),
(28, 'Communication System'),
(30, 'discrete structure'),
(33, 'free and open source programming');

-- --------------------------------------------------------

--
-- Table structure for table `tblclassteacher`
--

CREATE TABLE `tblclassteacher` (
  `Id` int(10) NOT NULL,
  `firstName` varchar(255) NOT NULL,
  `lastName` varchar(255) NOT NULL,
  `emailAddress` varchar(255) NOT NULL,
  `password` varchar(255) NOT NULL,
  `classId` varchar(10) NOT NULL,
  `dateCreated` varchar(50) NOT NULL
) ENGINE=MyISAM DEFAULT CHARSET=latin1 COLLATE=latin1_swedish_ci;

--
-- Dumping data for table `tblclassteacher`
--

INSERT INTO `tblclassteacher` (`Id`, `firstName`, `lastName`, `emailAddress`, `password`, `classId`, `dateCreated`) VALUES
(13, 'anju', 'neupane', 'anju@gmail.com', '32250170a0dca92d53ec9624f336ca24', '32', '2023-06-08'),
(25, 'shiva prasad', 'mahato', 'shiva@gmail.com', '32250170a0dca92d53ec9624f336ca24', '30', '2023-06-08'),
(18, 'mahammad', 'humayoon', 'mahammad@gmail.com', '32250170a0dca92d53ec9624f336ca24', '29', '2023-06-08'),
(15, 'milan', 'chikanbanjar', 'milan@gmail.com', '32250170a0dca92d53ec9624f336ca24', '33', '2023-06-08'),
(23, 'ram', 'nakarmi', 'ram@gmail.com', '32250170a0dca92d53ec9624f336ca24', '31', '2023-06-08'),
(24, 'ramila', 'awale', 'ramila@gmail.com', '32250170a0dca92d53ec9624f336ca24', '28', '2023-06-08'),
(26, 'keshav', 'paudel', 'keshav@gmail.com', '32250170a0dca92d53ec9624f336ca24', '30', '2023-06-08');

-- --------------------------------------------------------

--
-- Table structure for table `tblstudents`
--

CREATE TABLE `tblstudents` (
  `Id` int(10) NOT NULL,
  `firstName` varchar(255) NOT NULL,
  `lastName` varchar(255) NOT NULL,
  `rollNo` varchar(255) NOT NULL,
  `regNo` varchar(255) NOT NULL,
  `semester` varchar(10) NOT NULL,
  `dateCreated` varchar(50) NOT NULL
) ENGINE=MyISAM DEFAULT CHARSET=latin1 COLLATE=latin1_swedish_ci;

--
-- Dumping data for table `tblstudents`
--

INSERT INTO `tblstudents` (`Id`, `firstName`, `lastName`, `rollNo`, `regNo`, `semester`, `dateCreated`) VALUES
(8, 'alisha', 'pokhrel', '770301', '035-3-2-02650-2020', 'IV', '2023-06-08'),
(9, 'anisha', 'karki', '770302', '035-3-2-02651-2020', 'IV', '2023-06-08'),
(10, 'ankit', 'rawal', '770303', '035-3-2-02652-2020', 'IV', '2023-06-08'),
(11, 'anupa', 'gaire', '770304', '035-3-2-02653-2020', 'IV', '2023-06-08'),
(12, 'arbin', 'thaku', '770305', '035-3-2-02654-2020', 'IV', '2023-06-08'),
(13, 'asmita ', 'shrestha', '770306', '035-3-2-02655-2020', 'IV', '2023-06-08'),
(14, 'asmita', 'ghimire', '770307', '035-3-2-02656-2020', 'IV', '2023-06-08'),
(15, 'budha', 'tamang', '770308', '035-3-2-02657-2020', 'IV', '2023-06-08'),
(16, 'creation', 'pradhan', '777030', '035-3-2-02658-2020', 'IV', '2023-06-08'),
(17, 'dipesh', 'shrestha', '770310', '035-3-2-02659-2020', 'IV', '2023-06-08'),
(18, 'gaurav', 'basnet', '770311', '035-3-2-02630-2020', 'IV', '2023-06-08'),
(19, 'gyan hari ', 'dahal', '770312', '035-3-2-02661-2020', 'IV', '2023-06-08'),
(20, 'janak raj ', 'joshi', '770313', '035-3-2-02662-2020', 'IV', '2023-06-08'),
(21, 'jenish', 'prajapti', '770314', '035-3-2-02663-2020', 'IV', '2023-06-08'),
(22, 'jenisha', 'shrestha', '770315', '035-3-2-02664-2020', 'IV', '2023-06-08'),
(23, 'kiran', 'chaudhary', '770316', '035-3-2-02665-2020', 'IV', '2023-06-08'),
(24, 'krishna narayan', 'shrestha', '770317', '035-3-2-02666-2020', 'IV', '2023-06-08'),
(25, 'kritima ', 'shrestha', '770318', '035-3-2-02667-2020', 'IV', '2023-06-08'),
(26, 'manish', 'timsina', '770319', '035-3-2-02668-2020', 'IV', '2023-06-08'),
(27, 'nabaraj', 'joshi', '770320', '035-3-2-02669-2020', 'IV', '2023-06-08'),
(28, 'nekesh', 'koju', '770321', '035-3-2-02670-2020', 'IV', '2023-06-08'),
(29, 'nima lama', 'tamang', '770322', '035-3-2-02671-2020', 'IV', '2023-06-08'),
(30, 'nischal', 'baidar', '770323', '035-3-2-02672-2020', 'IV', '2023-06-08'),
(31, 'nischal', 'mainali', '770324', '035-3-2-02673-2020', 'IV', '2023-06-08'),
(32, 'piyush', 'gwayamaru', '770325', '035-3-2-02674-2020', 'IV', '2023-06-08'),
(33, 'praful man', 'thaku', '770326', '035-3-2-02675-2020', 'IV', '2023-06-08'),
(34, 'prajens', 'shrestha', '770327', '035-3-2-02676-2020', 'IV', '2023-06-08'),
(35, 'rabin', 'thimi', '770328', '035-3-2-02677-2020', 'IV', '2023-06-08'),
(36, 'rajesh', 'hamal', '770329', '035-3-2-02678-2020', 'IV', '2023-06-08'),
(37, 'rashik', 'prajapati', '770330', '035-3-2-02679-2020', 'IV', '2023-06-08'),
(38, 'rocky', 'shrestha', '770331', '035-3-2-02680-2020', 'IV', '2023-06-08'),
(39, 'rohisha', 'shrestha', '770332', '035-3-2-02681-2020', 'IV', '2023-06-08'),
(40, 'roji ', 'prajapati', '770333', '035-3-2-02682-2020', 'IV', '2023-06-08'),
(41, 'rosha', 'prajapati', '770334', '035-3-2-02683-2020', 'IV', '2023-06-08'),
(42, 'rozee', 'khadka', '770335', '035-3-2-02684-2020', 'IV', '2023-06-08'),
(43, 'salim', 'lawot', '770336', '035-3-2-02685-2020', 'IV', '2023-06-08'),
(44, 'saragam', 'adhikari', '770337', '035-3-2-02686-2020', 'IV', '2023-06-08'),
(45, 'sarif', 'tachamo', '770338', '035-3-2-02687-2020', 'IV', '2023-06-08'),
(46, 'saurav', 'basukala ', '770339', '035-3-2-02688-2020', 'IV', '2023-06-08'),
(47, 'saurav', 'neupane', '770340', '035-3-2-02689-2020', 'IV', '2023-06-08'),
(48, 'shiksha', 'yadav', '770341', '035-3-2-02690-2020', 'IV', '2023-06-08'),
(49, 'shreeya', 'shrestha', '770342', '035-3-2-02691-2020', 'IV', '2023-06-08'),
(50, 'shristi', 'yakami', '770343', '035-3-2-02692-2020', 'IV', '2023-06-08'),
(51, 'sohan', 'basnet', '770344', '035-3-2-02693-2020', 'IV', '2023-06-08'),
(52, 'sumina', 'awa', '770345', '035-3-2-02694-2020', 'IV', '2023-06-08'),
(53, 'surag', 'basukala', '770346', '035-3-2-02695-2020', 'IV', '2023-06-08'),
(54, 'yogyata', 'neupane', '770347', '035-3-2-02696-2020', 'IV', '2023-06-08'),
(55, 'yubaraj', 'poudel', '770348', '035-3-2-02697-2020', 'IV', '2023-06-08');

--
-- Indexes for dumped tables
--

--
-- Indexes for table `tbladmin`
--
ALTER TABLE `tbladmin`
  ADD PRIMARY KEY (`Id`);

--
-- Indexes for table `tblattendance`
--
ALTER TABLE `tblattendance`
  ADD PRIMARY KEY (`Id`);

--
-- Indexes for table `tblclass`
--
ALTER TABLE `tblclass`
  ADD PRIMARY KEY (`Id`);

--
-- Indexes for table `tblclassteacher`
--
ALTER TABLE `tblclassteacher`
  ADD PRIMARY KEY (`Id`);

--
-- Indexes for table `tblstudents`
--
ALTER TABLE `tblstudents`
  ADD PRIMARY KEY (`Id`);

--
-- AUTO_INCREMENT for dumped tables
--

--
-- AUTO_INCREMENT for table `tbladmin`
--
ALTER TABLE `tbladmin`
  MODIFY `Id` int(10) NOT NULL AUTO_INCREMENT, AUTO_INCREMENT=2;

--
-- AUTO_INCREMENT for table `tblattendance`
--
ALTER TABLE `tblattendance`
  MODIFY `Id` int(10) NOT NULL AUTO_INCREMENT, AUTO_INCREMENT=271;

--
-- AUTO_INCREMENT for table `tblclass`
--
ALTER TABLE `tblclass`
  MODIFY `Id` int(10) NOT NULL AUTO_INCREMENT, AUTO_INCREMENT=35;

--
-- AUTO_INCREMENT for table `tblclassteacher`
--
ALTER TABLE `tblclassteacher`
  MODIFY `Id` int(10) NOT NULL AUTO_INCREMENT, AUTO_INCREMENT=27;

--
-- AUTO_INCREMENT for table `tblstudents`
--
ALTER TABLE `tblstudents`
  MODIFY `Id` int(10) NOT NULL AUTO_INCREMENT, AUTO_INCREMENT=56;
COMMIT;

/*!40101 SET CHARACTER_SET_CLIENT=@OLD_CHARACTER_SET_CLIENT */;
/*!40101 SET CHARACTER_SET_RESULTS=@OLD_CHARACTER_SET_RESULTS */;
/*!40101 SET COLLATION_CONNECTION=@OLD_COLLATION_CONNECTION */;
